Workbook

Sheet README
A1: Life Science Tools Revenue & Product/Service Breakdown
A2: Figures previously compiled in this conversation for fiscal years 2022–2025. Units are USD millions unless otherwise noted.
A4: Workbook contents
A5: Total Revenue | B5: Reported consolidated revenue by ticker and year, plus 4-year totals, averages and CAGR.
A6: Product-Service | B6: Clean or near-comparable product/service disclosures. “Service & other” is preserved where companies combine categories.
A7: Proxy Breakdowns | B7: BIO, DHR and QGEN disclosures that are useful but should not be relabeled as clean product/service splits.
A8: 4Y Mix Summary | B8: Four-year cumulative mix for the comparable product/service group.
A9: Sources & Notes | B9: Source URLs, disclosure limitations and comparability notes.
A11: Important limitations
A12: Comparability | B12: Company definitions differ. Product/service categories should not be compared without reading the disclosure-basis and quality columns.
A13: Danaher | B13: Recurring/nonrecurring is a proxy, not a product/service split.
A14: QIAGEN | B14: Consumables & related/instrumentation is a proxy; both buckets can contain service-related items.
A15: Bio-Rad | B15: Segment revenue is shown because the company does not provide a practical product/service revenue split.
A16: Illumina | B16: GRAIL affects 2023 and part of 2024 service/other comparability.
A17: Rounding | B17: Category sums can differ from total revenue because companies report rounded figures; differences are generally $0.1mm and can reach $1mm for whole-million disclosures such as Thermo Fisher.
A18: Source status | B18: The workbook preserves the earlier compiled figures and URLs. Verify source filings before external publication.

Sheet Total Revenue
A1: Total Revenue by Company, 2022–2025
A2: Reported consolidated revenue; USD millions.
A4: Ticker | B4: Company | C4: 2022 Revenue ($mm) | D4: 2023 Revenue ($mm) | E4: 2024 Revenue ($mm) | F4: 2025 Revenue ($mm) | G4: 4Y Total ($mm) | H4: 4Y Average ($mm) | I4: 2022–25 CAGR | J4: Primary Source URL
A5: A | B5: Agilent Technologies | C5: 6848 | D5: 6833 | E5: 6510 | F5: 6948 | G5: =SUM(C5:F5) | H5: =AVERAGE(C5:F5) | I5: =IFERROR((F5/C5)^(1/3)-1,0) | J5: https://s24.q4cdn.com/305549747/files/doc_financials/2025/ar/A-ARS-10-K-BMK-2025.pdf
A6: BIO | B6: Bio-Rad Laboratories | C6: 2802.2 | D6: 2671.2 | E6: 2566.5 | F6: 2583.2 | G6: =SUM(C6:F6) | H6: =AVERAGE(C6:F6) | I6: =IFERROR((F6/C6)^(1/3)-1,0) | J6: https://www.sec.gov/Archives/edgar/data/12208/000001220826000010/bio-20251231.htm
A7: BRKR | B7: Bruker | C7: 2530.7 | D7: 2964.5 | E7: 3366.4 | F7: 3436.5 | G7: =SUM(C7:F7) | H7: =AVERAGE(C7:F7) | I7: =IFERROR((F7/C7)^(1/3)-1,0) | J7: https://s22.q4cdn.com/617463959/files/doc_financials/2025/ar/2025-Bruker-Annual-Report.pdf
A8: DHR | B8: Danaher | C8: 26643 | D8: 23890 | E8: 23875 | F8: 24568 | G8: =SUM(C8:F8) | H8: =AVERAGE(C8:F8) | I8: =IFERROR((F8/C8)^(1/3)-1,0) | J8: https://filecache.investorroom.com/mr5ir_danaher/974/Danaher%202025%20Annual%20Report.pdf
A9: ILMN | B9: Illumina | C9: 4584 | D9: 4504 | E9: 4372 | F9: 4343 | G9: =SUM(C9:F9) | H9: =AVERAGE(C9:F9) | I9: =IFERROR((F9/C9)^(1/3)-1,0) | J9: https://www.sec.gov/Archives/edgar/data/1110803/000111080326000024/ilmn-20251228.htm
A10: MTD | B10: Mettler-Toledo | C10: 3919.7 | D10: 3788.3 | E10: 3872.4 | F10: 4026.4 | G10: =SUM(C10:F10) | H10: =AVERAGE(C10:F10) | I10: =IFERROR((F10/C10)^(1/3)-1,0) | J10: https://d18rn0p25nwr6d.cloudfront.net/CIK-0001037646/074ad430-471b-498e-a0f5-1f794b20eeee.pdf
A11: PACB | B11: Pacific Biosciences | C11: 128.3 | D11: 200.5 | E11: 154 | F11: 160 | G11: =SUM(C11:F11) | H11: =AVERAGE(C11:F11) | I11: =IFERROR((F11/C11)^(1/3)-1,0) | J11: https://www.sec.gov/Archives/edgar/data/1299130/000129913024000054/pacb-20231231.htm
A12: QGEN | B12: QIAGEN | C12: 2141.5 | D12: 1965.3 | E12: 1978.2 | F12: 2090 | G12: =SUM(C12:F12) | H12: =AVERAGE(C12:F12) | I12: =IFERROR((F12/C12)^(1/3)-1,0) | J12: https://s28.q4cdn.com/125951340/files/doc_financials/2023/ar/Cover-2023-20-F-Final-w-exhibits.pdf
A13: RVTY | B13: Revvity | C13: 3311.8 | D13: 2750.6 | E13: 2755 | F13: 2856.1 | G13: =SUM(C13:F13) | H13: =AVERAGE(C13:F13) | I13: =IFERROR((F13/C13)^(1/3)-1,0) | J13: https://www.sec.gov/Archives/edgar/data/31791/000003179125000009/revv-20241229.htm
A14: TECH | B14: Bio-Techne | C14: 1105.6 | D14: 1136.7 | E14: 1159.1 | F14: 1219.6 | G14: =SUM(C14:F14) | H14: =AVERAGE(C14:F14) | I14: =IFERROR((F14/C14)^(1/3)-1,0) | J14: https://www.sec.gov/Archives/edgar/data/842023/000155837025011716/tech-20250630x10k.htm
A15: TMO | B15: Thermo Fisher Scientific | C15: 44915 | D15: 42857 | E15: 42879 | F15: 44556 | G15: =SUM(C15:F15) | H15: =AVERAGE(C15:F15) | I15: =IFERROR((F15/C15)^(1/3)-1,0) | J15: https://www.sec.gov/Archives/edgar/data/97745/000009774526000018/tmo-20251231.htm
A16: WAT | B16: Waters | C16: 2972 | D16: 2956.4 | E16: 2958.4 | F16: 3165.3 | G16: =SUM(C16:F16) | H16: =AVERAGE(C16:F16) | I16: =IFERROR((F16/C16)^(1/3)-1,0) | J16: https://www.sec.gov/Archives/edgar/data/1000697/000119312525034579/d791800d10k.htm
A17: Total / Median | C17: =SUM(C5:C16) | D17: =SUM(D5:D16) | E17: =SUM(E5:E16) | F17: =SUM(F5:F16) | G17: =SUM(G5:G16) | H17: =AVERAGE(H5:H16) | I17: =MEDIAN(I5:I16)

Sheet Product-Service
A1: Product / Service Revenue Detail
A2: Clean or near-comparable disclosures. USD millions; service may include “other” where stated.
A4: Ticker | B4: Company | C4: Year | D4: Disclosure basis | E4: Product ($mm) | F4: Service & other ($mm) | G4: Royalty ($mm) | H4: Category sum ($mm) | I4: Total revenue ($mm) | J4: Reconciliation ($mm) | K4: Product % | L4: Service & other % | M4: Royalty % | N4: Disclosure quality | O4: Source URL
A5: A | B5: Agilent Technologies | C5: 2022 | D5: Product / Service & other | E5: 5187 | F5: 1661 | G5: 0 | H5: =SUM(E5:G5) | I5: ='Total Revenue'!C5 | J5: =H5-I5 | K5: =IFERROR(E5/I5,0) | L5: =IFERROR(F5/I5,0) | M5: =IFERROR(G5/I5,0) | N5: Near-comparable: service is combined with other revenue. | O5: https://s24.q4cdn.com/305549747/files/doc_financials/2025/ar/A-ARS-10-K-BMK-2025.pdf
A6: A | B6: Agilent Technologies | C6: 2023 | D6: Product / Service & other | E6: 5051 | F6: 1782 | G6: 0 | H6: =SUM(E6:G6) | I6: ='Total Revenue'!D5 | J6: =H6-I6 | K6: =IFERROR(E6/I6,0) | L6: =IFERROR(F6/I6,0) | M6: =IFERROR(G6/I6,0) | N6: Near-comparable: service is combined with other revenue. | O6: https://s24.q4cdn.com/305549747/files/doc_financials/2025/ar/A-ARS-10-K-BMK-2025.pdf
A7: A | B7: Agilent Technologies | C7: 2024 | D7: Product / Service & other | E7: 4672 | F7: 1838 | G7: 0 | H7: =SUM(E7:G7) | I7: ='Total Revenue'!E5 | J7: =H7-I7 | K7: =IFERROR(E7/I7,0) | L7: =IFERROR(F7/I7,0) | M7: =IFERROR(G7/I7,0) | N7: Near-comparable: service is combined with other revenue. | O7: https://s24.q4cdn.com/305549747/files/doc_financials/2025/ar/A-ARS-10-K-BMK-2025.pdf
A8: A | B8: Agilent Technologies | C8: 2025 | D8: Product / Service & other | E8: 4944 | F8: 2004 | G8: 0 | H8: =SUM(E8:G8) | I8: ='Total Revenue'!F5 | J8: =H8-I8 | K8: =IFERROR(E8/I8,0) | L8: =IFERROR(F8/I8,0) | M8: =IFERROR(G8/I8,0) | N8: Near-comparable: service is combined with other revenue. | O8: https://s24.q4cdn.com/305549747/files/doc_financials/2025/ar/A-ARS-10-K-BMK-2025.pdf
A9: BRKR | B9: Bruker | C9: 2022 | D9: Product / Service & other | E9: 2109.9 | F9: 420.8 | G9: 0 | H9: =SUM(E9:G9) | I9: ='Total Revenue'!C7 | J9: =H9-I9 | K9: =IFERROR(E9/I9,0) | L9: =IFERROR(F9/I9,0) | M9: =IFERROR(G9/I9,0) | N9: Near-comparable: service is combined with other revenue. | O9: https://s22.q4cdn.com/617463959/files/doc_financials/2025/ar/2025-Bruker-Annual-Report.pdf
A10: BRKR | B10: Bruker | C10: 2023 | D10: Product / Service & other | E10: 2457.6 | F10: 506.9 | G10: 0 | H10: =SUM(E10:G10) | I10: ='Total Revenue'!D7 | J10: =H10-I10 | K10: =IFERROR(E10/I10,0) | L10: =IFERROR(F10/I10,0) | M10: =IFERROR(G10/I10,0) | N10: Near-comparable: service is combined with other revenue. | O10: https://s22.q4cdn.com/617463959/files/doc_financials/2025/ar/2025-Bruker-Annual-Report.pdf
A11: BRKR | B11: Bruker | C11: 2024 | D11: Product / Service & other | E11: 2759.2 | F11: 607.2 | G11: 0 | H11: =SUM(E11:G11) | I11: ='Total Revenue'!E7 | J11: =H11-I11 | K11: =IFERROR(E11/I11,0) | L11: =IFERROR(F11/I11,0) | M11: =IFERROR(G11/I11,0) | N11: Near-comparable: service is combined with other revenue. | O11: https://s22.q4cdn.com/617463959/files/doc_financials/2025/ar/2025-Bruker-Annual-Report.pdf
A12: BRKR | B12: Bruker | C12: 2025 | D12: Product / Service & other | E12: 2766.4 | F12: 670.1 | G12: 0 | H12: =SUM(E12:G12) | I12: ='Total Revenue'!F7 | J12: =H12-I12 | K12: =IFERROR(E12/I12,0) | L12: =IFERROR(F12/I12,0) | M12: =IFERROR(G12/I12,0) | N12: Near-comparable: service is combined with other revenue. | O12: https://s22.q4cdn.com/617463959/files/doc_financials/2025/ar/2025-Bruker-Annual-Report.pdf
A13: ILMN | B13: Illumina | C13: 2022 | D13: Product / Service & other | E13: 3953 | F13: 631 | G13: 0 | H13: =SUM(E13:G13) | I13: ='Total Revenue'!C9 | J13: =H13-I13 | K13: =IFERROR(E13/I13,0) | L13: =IFERROR(F13/I13,0) | M13: =IFERROR(G13/I13,0) | N13: Near-comparable: service is combined with other revenue; GRAIL affects 2023 and part of 2024. | O13: https://www.sec.gov/Archives/edgar/data/1110803/000111080326000024/ilmn-20251228.htm
A14: ILMN | B14: Illumina | C14: 2023 | D14: Product / Service & other | E14: 3787 | F14: 717 | G14: 0 | H14: =SUM(E14:G14) | I14: ='Total Revenue'!D9 | J14: =H14-I14 | K14: =IFERROR(E14/I14,0) | L14: =IFERROR(F14/I14,0) | M14: =IFERROR(G14/I14,0) | N14: Near-comparable: service is combined with other revenue; GRAIL affects 2023 and part of 2024. | O14: https://www.sec.gov/Archives/edgar/data/1110803/000111080326000024/ilmn-20251228.htm
A15: ILMN | B15: Illumina | C15: 2024 | D15: Product / Service & other | E15: 3656 | F15: 716 | G15: 0 | H15: =SUM(E15:G15) | I15: ='Total Revenue'!E9 | J15: =H15-I15 | K15: =IFERROR(E15/I15,0) | L15: =IFERROR(F15/I15,0) | M15: =IFERROR(G15/I15,0) | N15: Near-comparable: service is combined with other revenue; GRAIL affects 2023 and part of 2024. | O15: https://www.sec.gov/Archives/edgar/data/1110803/000111080326000024/ilmn-20251228.htm
A16: ILMN | B16: Illumina | C16: 2025 | D16: Product / Service & other | E16: 3709 | F16: 634 | G16: 0 | H16: =SUM(E16:G16) | I16: ='Total Revenue'!F9 | J16: =H16-I16 | K16: =IFERROR(E16/I16,0) | L16: =IFERROR(F16/I16,0) | M16: =IFERROR(G16/I16,0) | N16: Near-comparable: service is combined with other revenue; GRAIL affects 2023 and part of 2024. | O16: https://www.sec.gov/Archives/edgar/data/1110803/000111080326000024/ilmn-20251228.htm
A17: MTD | B17: Mettler-Toledo | C17: 2022 | D17: Product / Service | E17: 3118.7 | F17: 801 | G17: 0 | H17: =SUM(E17:G17) | I17: ='Total Revenue'!C10 | J17: =H17-I17 | K17: =IFERROR(E17/I17,0) | L17: =IFERROR(F17/I17,0) | M17: =IFERROR(G17/I17,0) | N17: Clean product/service disclosure; small rounding differences may occur. | O17: https://d18rn0p25nwr6d.cloudfront.net/CIK-0001037646/074ad430-471b-498e-a0f5-1f794b20eeee.pdf
A18: MTD | B18: Mettler-Toledo | C18: 2023 | D18: Product / Service | E18: 2906.7 | F18: 881.6 | G18: 0 | H18: =SUM(E18:G18) | I18: ='Total Revenue'!D10 | J18: =H18-I18 | K18: =IFERROR(E18/I18,0) | L18: =IFERROR(F18/I18,0) | M18: =IFERROR(G18/I18,0) | N18: Clean product/service disclosure; small rounding differences may occur. | O18: https://d18rn0p25nwr6d.cloudfront.net/CIK-0001037646/074ad430-471b-498e-a0f5-1f794b20eeee.pdf
A19: MTD | B19: Mettler-Toledo | C19: 2024 | D19: Product / Service | E19: 2930.2 | F19: 942.1 | G19: 0 | H19: =SUM(E19:G19) | I19: ='Total Revenue'!E10 | J19: =H19-I19 | K19: =IFERROR(E19/I19,0) | L19: =IFERROR(F19/I19,0) | M19: =IFERROR(G19/I19,0) | N19: Clean product/service disclosure; small rounding differences may occur. | O19: https://d18rn0p25nwr6d.cloudfront.net/CIK-0001037646/074ad430-471b-498e-a0f5-1f794b20eeee.pdf
A20: MTD | B20: Mettler-Toledo | C20: 2025 | D20: Product / Service | E20: 3007.8 | F20: 1018.6 | G20: 0 | H20: =SUM(E20:G20) | I20: ='Total Revenue'!F10 | J20: =H20-I20 | K20: =IFERROR(E20/I20,0) | L20: =IFERROR(F20/I20,0) | M20: =IFERROR(G20/I20,0) | N20: Clean product/service disclosure; small rounding differences may occur. | O20: https://d18rn0p25nwr6d.cloudfront.net/CIK-0001037646/074ad430-471b-498e-a0f5-1f794b20eeee.pdf
A21: PACB | B21: Pacific Biosciences | C21: 2022 | D21: Product / Service & other | E21: 108.7 | F21: 19.6 | G21: 0 | H21: =SUM(E21:G21) | I21: ='Total Revenue'!C11 | J21: =H21-I21 | K21: =IFERROR(E21/I21,0) | L21: =IFERROR(F21/I21,0) | M21: =IFERROR(G21/I21,0) | N21: Near-comparable: service is combined with other revenue. | O21: https://www.sec.gov/Archives/edgar/data/1299130/000129913024000054/pacb-20231231.htm
A22: PACB | B22: Pacific Biosciences | C22: 2023 | D22: Product / Service & other | E22: 183.9 | F22: 16.6 | G22: 0 | H22: =SUM(E22:G22) | I22: ='Total Revenue'!D11 | J22: =H22-I22 | K22: =IFERROR(E22/I22,0) | L22: =IFERROR(F22/I22,0) | M22: =IFERROR(G22/I22,0) | N22: Near-comparable: service is combined with other revenue. | O22: https://www.sec.gov/Archives/edgar/data/1299130/000129913024000054/pacb-20231231.htm
A23: PACB | B23: Pacific Biosciences | C23: 2024 | D23: Product / Service & other | E23: 136.1 | F23: 17.9 | G23: 0 | H23: =SUM(E23:G23) | I23: ='Total Revenue'!E11 | J23: =H23-I23 | K23: =IFERROR(E23/I23,0) | L23: =IFERROR(F23/I23,0) | M23: =IFERROR(G23/I23,0) | N23: Near-comparable: service is combined with other revenue. | O23: https://www.sec.gov/Archives/edgar/data/1299130/000129913024000054/pacb-20231231.htm
A24: PACB | B24: Pacific Biosciences | C24: 2025 | D24: Product / Service & other | E24: 135.8 | F24: 24.2 | G24: 0 | H24: =SUM(E24:G24) | I24: ='Total Revenue'!F11 | J24: =H24-I24 | K24: =IFERROR(E24/I24,0) | L24: =IFERROR(F24/I24,0) | M24: =IFERROR(G24/I24,0) | N24: Near-comparable: service is combined with other revenue. | O24: https://www.sec.gov/Archives/edgar/data/1299130/000129913024000054/pacb-20231231.htm
A25: RVTY | B25: Revvity | C25: 2022 | D25: Product / Service | E25: 2634.6 | F25: 677.2 | G25: 0 | H25: =SUM(E25:G25) | I25: ='Total Revenue'!C13 | J25: =H25-I25 | K25: =IFERROR(E25/I25,0) | L25: =IFERROR(F25/I25,0) | M25: =IFERROR(G25/I25,0) | N25: Clean product/service disclosure. | O25: https://www.sec.gov/Archives/edgar/data/31791/000003179125000009/revv-20241229.htm
A26: RVTY | B26: Revvity | C26: 2023 | D26: Product / Service | E26: 2415.9 | F26: 334.7 | G26: 0 | H26: =SUM(E26:G26) | I26: ='Total Revenue'!D13 | J26: =H26-I26 | K26: =IFERROR(E26/I26,0) | L26: =IFERROR(F26/I26,0) | M26: =IFERROR(G26/I26,0) | N26: Clean product/service disclosure. | O26: https://www.sec.gov/Archives/edgar/data/31791/000003179125000009/revv-20241229.htm
A27: RVTY | B27: Revvity | C27: 2024 | D27: Product / Service | E27: 2338.2 | F27: 416.8 | G27: 0 | H27: =SUM(E27:G27) | I27: ='Total Revenue'!E13 | J27: =H27-I27 | K27: =IFERROR(E27/I27,0) | L27: =IFERROR(F27/I27,0) | M27: =IFERROR(G27/I27,0) | N27: Clean product/service disclosure. | O27: https://www.sec.gov/Archives/edgar/data/31791/000003179125000009/revv-20241229.htm
A28: RVTY | B28: Revvity | C28: 2025 | D28: Product / Service | E28: 2390 | F28: 466.1 | G28: 0 | H28: =SUM(E28:G28) | I28: ='Total Revenue'!F13 | J28: =H28-I28 | K28: =IFERROR(E28/I28,0) | L28: =IFERROR(F28/I28,0) | M28: =IFERROR(G28/I28,0) | N28: Clean product/service disclosure. | O28: https://www.sec.gov/Archives/edgar/data/31791/000003179125000009/revv-20241229.htm
A29: TECH | B29: Bio-Techne | C29: 2022 | D29: Product / Service / Royalty | E29: 1011.6 | F29: 72 | G29: 22 | H29: =SUM(E29:G29) | I29: ='Total Revenue'!C14 | J29: =H29-I29 | K29: =IFERROR(E29/I29,0) | L29: =IFERROR(F29/I29,0) | M29: =IFERROR(G29/I29,0) | N29: Product calculated as consumables plus instruments; royalty shown separately. | O29: https://www.sec.gov/Archives/edgar/data/842023/000155837025011716/tech-20250630x10k.htm
A30: TECH | B30: Bio-Techne | C30: 2023 | D30: Product / Service / Royalty | E30: 1029.8 | F30: 85.8 | G30: 21.1 | H30: =SUM(E30:G30) | I30: ='Total Revenue'!D14 | J30: =H30-I30 | K30: =IFERROR(E30/I30,0) | L30: =IFERROR(F30/I30,0) | M30: =IFERROR(G30/I30,0) | N30: Product calculated as consumables plus instruments; royalty shown separately. | O30: https://www.sec.gov/Archives/edgar/data/842023/000155837025011716/tech-20250630x10k.htm
A31: TECH | B31: Bio-Techne | C31: 2024 | D31: Product / Service / Royalty | E31: 1036.5 | F31: 99.3 | G31: 23.3 | H31: =SUM(E31:G31) | I31: ='Total Revenue'!E14 | J31: =H31-I31 | K31: =IFERROR(E31/I31,0) | L31: =IFERROR(F31/I31,0) | M31: =IFERROR(G31/I31,0) | N31: Product calculated as consumables plus instruments; royalty shown separately. | O31: https://www.sec.gov/Archives/edgar/data/842023/000155837025011716/tech-20250630x10k.htm
A32: TECH | B32: Bio-Techne | C32: 2025 | D32: Product / Service / Royalty | E32: 1084.4 | F32: 111.6 | G32: 23.7 | H32: =SUM(E32:G32) | I32: ='Total Revenue'!F14 | J32: =H32-I32 | K32: =IFERROR(E32/I32,0) | L32: =IFERROR(F32/I32,0) | M32: =IFERROR(G32/I32,0) | N32: Product calculated as consumables plus instruments; royalty shown separately. | O32: https://www.sec.gov/Archives/edgar/data/842023/000155837025011716/tech-20250630x10k.htm
A33: TMO | B33: Thermo Fisher Scientific | C33: 2022 | D33: Product / Service | E33: 28548 | F33: 16367 | G33: 0 | H33: =SUM(E33:G33) | I33: ='Total Revenue'!C15 | J33: =H33-I33 | K33: =IFERROR(E33/I33,0) | L33: =IFERROR(F33/I33,0) | M33: =IFERROR(G33/I33,0) | N33: Clean product/service disclosure; rounded component values can differ from total revenue by up to $1mm. | O33: https://www.sec.gov/Archives/edgar/data/97745/000009774526000018/tmo-20251231.htm
A34: TMO | B34: Thermo Fisher Scientific | C34: 2023 | D34: Product / Service | E34: 25243 | F34: 17614 | G34: 0 | H34: =SUM(E34:G34) | I34: ='Total Revenue'!D15 | J34: =H34-I34 | K34: =IFERROR(E34/I34,0) | L34: =IFERROR(F34/I34,0) | M34: =IFERROR(G34/I34,0) | N34: Clean product/service disclosure; rounded component values can differ from total revenue by up to $1mm. | O34: https://www.sec.gov/Archives/edgar/data/97745/000009774526000018/tmo-20251231.htm
A35: TMO | B35: Thermo Fisher Scientific | C35: 2024 | D35: Product / Service | E35: 25034 | F35: 17845 | G35: 0 | H35: =SUM(E35:G35) | I35: ='Total Revenue'!E15 | J35: =H35-I35 | K35: =IFERROR(E35/I35,0) | L35: =IFERROR(F35/I35,0) | M35: =IFERROR(G35/I35,0) | N35: Clean product/service disclosure; rounded component values can differ from total revenue by up to $1mm. | O35: https://www.sec.gov/Archives/edgar/data/97745/000009774526000018/tmo-20251231.htm
A36: TMO | B36: Thermo Fisher Scientific | C36: 2025 | D36: Product / Service | E36: 25965 | F36: 18592 | G36: 0 | H36: =SUM(E36:G36) | I36: ='Total Revenue'!F15 | J36: =H36-I36 | K36: =IFERROR(E36/I36,0) | L36: =IFERROR(F36/I36,0) | M36: =IFERROR(G36/I36,0) | N36: Clean product/service disclosure; rounded component values can differ from total revenue by up to $1mm. | O36: https://www.sec.gov/Archives/edgar/data/97745/000009774526000018/tmo-20251231.htm
A37: WAT | B37: Waters | C37: 2022 | D37: Product / Service | E37: 1988.2 | F37: 983.8 | G37: 0 | H37: =SUM(E37:G37) | I37: ='Total Revenue'!C16 | J37: =H37-I37 | K37: =IFERROR(E37/I37,0) | L37: =IFERROR(F37/I37,0) | M37: =IFERROR(G37/I37,0) | N37: Clean product/service disclosure. | O37: https://www.sec.gov/Archives/edgar/data/1000697/000119312525034579/d791800d10k.htm
A38: WAT | B38: Waters | C38: 2023 | D38: Product / Service | E38: 1903.1 | F38: 1053.4 | G38: 0 | H38: =SUM(E38:G38) | I38: ='Total Revenue'!D16 | J38: =H38-I38 | K38: =IFERROR(E38/I38,0) | L38: =IFERROR(F38/I38,0) | M38: =IFERROR(G38/I38,0) | N38: Clean product/service disclosure. | O38: https://www.sec.gov/Archives/edgar/data/1000697/000119312525034579/d791800d10k.htm
A39: WAT | B39: Waters | C39: 2024 | D39: Product / Service | E39: 1844.2 | F39: 1114.2 | G39: 0 | H39: =SUM(E39:G39) | I39: ='Total Revenue'!E16 | J39: =H39-I39 | K39: =IFERROR(E39/I39,0) | L39: =IFERROR(F39/I39,0) | M39: =IFERROR(G39/I39,0) | N39: Clean product/service disclosure. | O39: https://www.sec.gov/Archives/edgar/data/1000697/000119312525034579/d791800d10k.htm
A40: WAT | B40: Waters | C40: 2025 | D40: Product / Service | E40: 1977.1 | F40: 1188.2 | G40: 0 | H40: =SUM(E40:G40) | I40: ='Total Revenue'!F16 | J40: =H40-I40 | K40: =IFERROR(E40/I40,0) | L40: =IFERROR(F40/I40,0) | M40: =IFERROR(G40/I40,0) | N40: Clean product/service disclosure. | O40: https://www.sec.gov/Archives/edgar/data/1000697/000119312525034579/d791800d10k.htm

Sheet Proxy Breakdowns
A1: Alternative Revenue Breakdowns (Not Clean Product/Service)
A2: Useful company disclosures that must retain their original definitions. USD millions.
A4: Ticker | B4: Company | C4: Year | D4: Disclosure basis | E4: Category 1 | F4: Category 1 Revenue ($mm) | G4: Category 2 | H4: Category 2 Revenue ($mm) | I4: Category 3 | J4: Category 3 Revenue ($mm) | K4: Category sum ($mm) | L4: Total revenue ($mm) | M4: Reconciliation ($mm) | N4: Interpretation note
A5: BIO | B5: Bio-Rad Laboratories | C5: 2022 | D5: Life Science / Clinical Diagnostics / Other | E5: Life Science | F5: 1347.2 | G5: Clinical Diagnostics | H5: 1451 | I5: Other | J5: 4 | K5: =SUM(F5,H5,J5) | L5: ='Total Revenue'!C6 | M5: =K5-L5 | N5: Segment split only. Bio-Rad says quantitative revenue by individual products/services is impractical.
A6: BIO | B6: Bio-Rad Laboratories | C6: 2023 | D6: Life Science / Clinical Diagnostics / Other | E6: Life Science | F6: 1178.4 | G6: Clinical Diagnostics | H6: 1489.3 | I6: Other | J6: 3.5 | K6: =SUM(F6,H6,J6) | L6: ='Total Revenue'!D6 | M6: =K6-L6 | N6: Segment split only. Bio-Rad says quantitative revenue by individual products/services is impractical.
A7: BIO | B7: Bio-Rad Laboratories | C7: 2024 | D7: Life Science / Clinical Diagnostics / Other | E7: Life Science | F7: 1028.1 | G7: Clinical Diagnostics | H7: 1537.9 | I7: Other | J7: 0.5 | K7: =SUM(F7,H7,J7) | L7: ='Total Revenue'!E6 | M7: =K7-L7 | N7: Segment split only. Bio-Rad says quantitative revenue by individual products/services is impractical.
A8: BIO | B8: Bio-Rad Laboratories | C8: 2025 | D8: Life Science / Clinical Diagnostics / Other | E8: Life Science | F8: 1021.1 | G8: Clinical Diagnostics | H8: 1562.1 | I8: Other | J8: 0 | K8: =SUM(F8,H8,J8) | L8: ='Total Revenue'!F6 | M8: =K8-L8 | N8: Segment split only. Bio-Rad says quantitative revenue by individual products/services is impractical.
A9: DHR | B9: Danaher | C9: 2022 | D9: Recurring / Nonrecurring | E9: Recurring | F9: 20876 | G9: Nonrecurring | H9: 5767 | I9: Other | J9: 0 | K9: =SUM(F9,H9,J9) | L9: ='Total Revenue'!C8 | M9: =K9-L9 | N9: Proxy only. Recurring includes consumables, services and over-time software; nonrecurring includes equipment and point-in-time software.
A10: DHR | B10: Danaher | C10: 2023 | D10: Recurring / Nonrecurring | E10: Recurring | F10: 18682 | G10: Nonrecurring | H10: 5208 | I10: Other | J10: 0 | K10: =SUM(F10,H10,J10) | L10: ='Total Revenue'!D8 | M10: =K10-L10 | N10: Proxy only. Recurring includes consumables, services and over-time software; nonrecurring includes equipment and point-in-time software.
A11: DHR | B11: Danaher | C11: 2024 | D11: Recurring / Nonrecurring | E11: Recurring | F11: 19366 | G11: Nonrecurring | H11: 4509 | I11: Other | J11: 0 | K11: =SUM(F11,H11,J11) | L11: ='Total Revenue'!E8 | M11: =K11-L11 | N11: Proxy only. Recurring includes consumables, services and over-time software; nonrecurring includes equipment and point-in-time software.
A12: DHR | B12: Danaher | C12: 2025 | D12: Recurring / Nonrecurring | E12: Recurring | F12: 20127 | G12: Nonrecurring | H12: 4441 | I12: Other | J12: 0 | K12: =SUM(F12,H12,J12) | L12: ='Total Revenue'!F8 | M12: =K12-L12 | N12: Proxy only. Recurring includes consumables, services and over-time software; nonrecurring includes equipment and point-in-time software.
A13: QGEN | B13: QIAGEN | C13: 2022 | D13: Consumables & related / Instrumentation | E13: Consumables & related | F13: 1888.9 | G13: Instrumentation | H13: 252.6 | I13: Other | J13: 0 | K13: =SUM(F13,H13,J13) | L13: ='Total Revenue'!C12 | M13: =K13-L13 | N13: Proxy only. Consumables & related includes bioinformatics, royalties, milestones and services; instrumentation can include related service contracts.
A14: QGEN | B14: QIAGEN | C14: 2023 | D14: Consumables & related / Instrumentation | E14: Consumables & related | F14: 1726.2 | G14: Instrumentation | H14: 239.1 | I14: Other | J14: 0 | K14: =SUM(F14,H14,J14) | L14: ='Total Revenue'!D12 | M14: =K14-L14 | N14: Proxy only. Consumables & related includes bioinformatics, royalties, milestones and services; instrumentation can include related service contracts.
A15: QGEN | B15: QIAGEN | C15: 2024 | D15: Consumables & related / Instrumentation | E15: Consumables & related | F15: 1760.2 | G15: Instrumentation | H15: 218 | I15: Other | J15: 0 | K15: =SUM(F15,H15,J15) | L15: ='Total Revenue'!E12 | M15: =K15-L15 | N15: Proxy only. Consumables & related includes bioinformatics, royalties, milestones and services; instrumentation can include related service contracts.
A16: QGEN | B16: QIAGEN | C16: 2025 | D16: Consumables & related / Instrumentation | E16: Consumables & related | F16: 1876.4 | G16: Instrumentation | H16: 213.6 | I16: Other | J16: 0 | K16: =SUM(F16,H16,J16) | L16: ='Total Revenue'!F12 | M16: =K16-L16 | N16: Proxy only. Consumables & related includes bioinformatics, royalties, milestones and services; instrumentation can include related service contracts.

Sheet 4Y Mix Summary
A1: Four-Year Product / Service Mix Summary
A2: Cumulative 2022–2025 mix for companies with clean or near-comparable disclosures.
A4: Ticker | B4: Company | C4: Disclosure basis | D4: 4Y Product ($mm) | E4: 4Y Service & other ($mm) | F4: 4Y Royalty ($mm) | G4: 4Y Total ($mm) | H4: Product mix | I4: Service & other mix | J4: Royalty mix | K4: 2022 service mix | L4: 2025 service mix | M4: Change (ppt)
A5: A | B5: Agilent Technologies | C5: Product / Service & other | D5: =SUM('Product-Service'!E5:E8) | E5: =SUM('Product-Service'!F5:F8) | F5: =SUM('Product-Service'!G5:G8) | G5: =SUM(D5:F5) | H5: =IFERROR(D5/G5,0) | I5: =IFERROR(E5/G5,0) | J5: =IFERROR(F5/G5,0) | K5: ='Product-Service'!L5 | L5: ='Product-Service'!L8 | M5: =L5-K5
A6: BRKR | B6: Bruker | C6: Product / Service & other | D6: =SUM('Product-Service'!E9:E12) | E6: =SUM('Product-Service'!F9:F12) | F6: =SUM('Product-Service'!G9:G12) | G6: =SUM(D6:F6) | H6: =IFERROR(D6/G6,0) | I6: =IFERROR(E6/G6,0) | J6: =IFERROR(F6/G6,0) | K6: ='Product-Service'!L9 | L6: ='Product-Service'!L12 | M6: =L6-K6
A7: ILMN | B7: Illumina | C7: Product / Service & other | D7: =SUM('Product-Service'!E13:E16) | E7: =SUM('Product-Service'!F13:F16) | F7: =SUM('Product-Service'!G13:G16) | G7: =SUM(D7:F7) | H7: =IFERROR(D7/G7,0) | I7: =IFERROR(E7/G7,0) | J7: =IFERROR(F7/G7,0) | K7: ='Product-Service'!L13 | L7: ='Product-Service'!L16 | M7: =L7-K7
A8: MTD | B8: Mettler-Toledo | C8: Product / Service | D8: =SUM('Product-Service'!E17:E20) | E8: =SUM('Product-Service'!F17:F20) | F8: =SUM('Product-Service'!G17:G20) | G8: =SUM(D8:F8) | H8: =IFERROR(D8/G8,0) | I8: =IFERROR(E8/G8,0) | J8: =IFERROR(F8/G8,0) | K8: ='Product-Service'!L17 | L8: ='Product-Service'!L20 | M8: =L8-K8
A9: PACB | B9: Pacific Biosciences | C9: Product / Service & other | D9: =SUM('Product-Service'!E21:E24) | E9: =SUM('Product-Service'!F21:F24) | F9: =SUM('Product-Service'!G21:G24) | G9: =SUM(D9:F9) | H9: =IFERROR(D9/G9,0) | I9: =IFERROR(E9/G9,0) | J9: =IFERROR(F9/G9,0) | K9: ='Product-Service'!L21 | L9: ='Product-Service'!L24 | M9: =L9-K9
A10: RVTY | B10: Revvity | C10: Product / Service | D10: =SUM('Product-Service'!E25:E28) | E10: =SUM('Product-Service'!F25:F28) | F10: =SUM('Product-Service'!G25:G28) | G10: =SUM(D10:F10) | H10: =IFERROR(D10/G10,0) | I10: =IFERROR(E10/G10,0) | J10: =IFERROR(F10/G10,0) | K10: ='Product-Service'!L25 | L10: ='Product-Service'!L28 | M10: =L10-K10
A11: TECH | B11: Bio-Techne | C11: Product / Service / Royalty | D11: =SUM('Product-Service'!E29:E32) | E11: =SUM('Product-Service'!F29:F32) | F11: =SUM('Product-Service'!G29:G32) | G11: =SUM(D11:F11) | H11: =IFERROR(D11/G11,0) | I11: =IFERROR(E11/G11,0) | J11: =IFERROR(F11/G11,0) | K11: ='Product-Service'!L29 | L11: ='Product-Service'!L32 | M11: =L11-K11
A12: TMO | B12: Thermo Fisher Scientific | C12: Product / Service | D12: =SUM('Product-Service'!E33:E36) | E12: =SUM('Product-Service'!F33:F36) | F12: =SUM('Product-Service'!G33:G36) | G12: =SUM(D12:F12) | H12: =IFERROR(D12/G12,0) | I12: =IFERROR(E12/G12,0) | J12: =IFERROR(F12/G12,0) | K12: ='Product-Service'!L33 | L12: ='Product-Service'!L36 | M12: =L12-K12
A13: WAT | B13: Waters | C13: Product / Service | D13: =SUM('Product-Service'!E37:E40) | E13: =SUM('Product-Service'!F37:F40) | F13: =SUM('Product-Service'!G37:G40) | G13: =SUM(D13:F13) | H13: =IFERROR(D13/G13,0) | I13: =IFERROR(E13/G13,0) | J13: =IFERROR(F13/G13,0) | K13: ='Product-Service'!L37 | L13: ='Product-Service'!L40 | M13: =L13-K13

Sheet Sources & Notes
A1: Sources, Disclosure Basis & Limitations
A2: Plain-text URLs are included for verification. The workbook preserves the earlier compiled dataset.
A4: Ticker | B4: Company | C4: Source 1 | D4: Source 2 | E4: Disclosure basis used | F4: Key limitation / note
A5: A | B5: Agilent Technologies | C5: https://s24.q4cdn.com/305549747/files/doc_financials/2025/ar/A-ARS-10-K-BMK-2025.pdf | D5: https://s24.q4cdn.com/305549747/files/doc_financials/2023/ar/agilent-form-10-k_fy23.pdf | E5: Product / Service & other | F5: Service is combined with other revenue.
A6: BIO | B6: Bio-Rad Laboratories | C6: https://www.sec.gov/Archives/edgar/data/12208/000001220826000010/bio-20251231.htm | D6: https://www.sec.gov/Archives/edgar/data/12208/000001220825000007/bio-20241231.htm | E6: Life Science / Clinical Diagnostics / Other | F6: Segment split only; not product/service.
A7: BRKR | B7: Bruker | C7: https://s22.q4cdn.com/617463959/files/doc_financials/2025/ar/2025-Bruker-Annual-Report.pdf | D7: https://annualreport.stocklight.com/nasdaq/brkr/23688325.pdf | E7: Product / Service & other | F7: Service is combined with other revenue.
A8: DHR | B8: Danaher | C8: https://filecache.investorroom.com/mr5ir_danaher/974/Danaher%202025%20Annual%20Report.pdf | D8: https://www.sec.gov/Archives/edgar/data/313616/000031361624000052/dhr-20231231.htm | E8: Recurring / Nonrecurring | F8: Proxy only; recurring contains both products and services.
A9: ILMN | B9: Illumina | C9: https://www.sec.gov/Archives/edgar/data/1110803/000111080326000024/ilmn-20251228.htm | D9: https://www.sec.gov/Archives/edgar/data/1110803/000119312524087278/d534823dars.pdf | E9: Product / Service & other | F9: Service is combined with other; GRAIL affects comparability.
A10: MTD | B10: Mettler-Toledo | C10: https://d18rn0p25nwr6d.cloudfront.net/CIK-0001037646/074ad430-471b-498e-a0f5-1f794b20eeee.pdf | E10: Product / Service | F10: Clean disclosure; small rounding difference in 2024.
A11: PACB | B11: Pacific Biosciences | C11: https://www.sec.gov/Archives/edgar/data/1299130/000129913024000054/pacb-20231231.htm | E11: Product / Service & other | F11: Service is combined with other revenue.
A12: QGEN | B12: QIAGEN | C12: https://s28.q4cdn.com/125951340/files/doc_financials/2023/ar/Cover-2023-20-F-Final-w-exhibits.pdf | D12: https://www.marketscreener.com/news/qiagen-n-2025-annual-report-2025-annual-financial-report-ce7f5bded889f322 | E12: Consumables & related / Instrumentation | F12: Proxy only; categories are not clean product/service.
A13: RVTY | B13: Revvity | C13: https://www.sec.gov/Archives/edgar/data/31791/000003179125000009/revv-20241229.htm | E13: Product / Service | F13: Clean disclosure.
A14: TECH | B14: Bio-Techne | C14: https://www.sec.gov/Archives/edgar/data/842023/000155837025011716/tech-20250630x10k.htm | E14: Product / Service / Royalty | F14: Product equals consumables plus instruments; 2025 rounding difference.
A15: TMO | B15: Thermo Fisher Scientific | C15: https://www.sec.gov/Archives/edgar/data/97745/000009774526000018/tmo-20251231.htm | E15: Product / Service | F15: Clean product/service disclosure; rounded component values can differ from total revenue by up to $1mm.
A16: WAT | B16: Waters | C16: https://www.sec.gov/Archives/edgar/data/1000697/000119312525034579/d791800d10k.htm | E16: Product / Service | F16: Clean disclosure.
